{
  "sciences_experimentales": {
    "name": "العلوم التجريبية",
    "k": 6,
    "clusters": {
      "0": {
        "archetype": "🟢 ممتاز (المعدل: 17.4)",
        "avg_bac": 17.367714285714282,
        "size": 35,
        "percentage": 5.555555555555555,
        "min_bac": 16.11,
        "max_bac": 19.16
      },
      "1": {
        "archetype": "🔵 جيد جداً (المعدل: 15.2)",
        "avg_bac": 15.173703703703707,
        "size": 81,
        "percentage": 12.857142857142856,
        "min_bac": 14.04,
        "max_bac": 16.58
      },
      "2": {
        "archetype": "🟡 جيد (المعدل: 13.3)",
        "avg_bac": 13.31864406779661,
        "size": 118,
        "percentage": 18.73015873015873,
        "min_bac": 11.87,
        "max_bac": 14.57
      },
      "3": {
        "archetype": "🟠 مقبول (المعدل: 11.6)",
        "avg_bac": 11.57087591240876,
        "size": 137,
        "percentage": 21.746031746031747,
        "min_bac": 10.35,
        "max_bac": 12.71
      },
      "4": {
        "archetype": "🔴 راسب (المعدل: 9.4)",
        "avg_bac": 9.35829457364341,
        "size": 129,
        "percentage": 20.476190476190474,
        "min_bac": 8.2,
        "max_bac": 10.72
      },
      "5": {
        "archetype": "🔴 راسب (المعدل: 8.1)",
        "avg_bac": 8.08276923076923,
        "size": 130,
        "percentage": 20.634920634920633,
        "min_bac": 5.81,
        "max_bac": 9.07
      }
    }
  },
  "maths": {
    "name": "الرياضيات",
    "k": 4,
    "clusters": {
      "0": {
        "archetype": "🟢 ممتاز (المعدل: 16.4)",
        "avg_bac": 16.379,
        "size": 10,
        "percentage": 6.666666666666667,
        "min_bac": 14.72,
        "max_bac": 19.5
      },
      "1": {
        "archetype": "🟡 جيد (المعدل: 13.6)",
        "avg_bac": 13.56,
        "size": 9,
        "percentage": 6.0,
        "min_bac": 12.44,
        "max_bac": 15.1
      },
      "2": {
        "archetype": "🔴 يحتاج دعماً (المعدل: 10.8)",
        "avg_bac": 10.810869565217393,
        "size": 46,
        "percentage": 30.666666666666664,
        "min_bac": 10.14,
        "max_bac": 11.9
      },
      "3": {
        "archetype": "🔴 يحتاج دعماً (المعدل: 9.7)",
        "avg_bac": 9.710588235294118,
        "size": 85,
        "percentage": 56.666666666666664,
        "min_bac": 8.26,
        "max_bac": 10.58
      }
    }
  },
  "techniques_maths": {
    "name": "تقني رياضي",
    "k": 3,
    "clusters": {
      "0": {
        "archetype": "🟢 جيد (المعدل: 15.1)",
        "avg_bac": 15.09904761904762,
        "size": 21,
        "percentage": 12.727272727272727,
        "min_bac": 13.84,
        "max_bac": 16.77
      },
      "1": {
        "archetype": "🟡 متوسط (المعدل: 12.4)",
        "avg_bac": 12.442142857142857,
        "size": 56,
        "percentage": 33.939393939393945,
        "min_bac": 11.02,
        "max_bac": 13.75
      },
      "2": {
        "archetype": "🔴 راسب (المعدل: 10.1)",
        "avg_bac": 10.070340909090909,
        "size": 88,
        "percentage": 53.333333333333336,
        "min_bac": 8.81,
        "max_bac": 11.24
      }
    }
  },
  "gestion_economie": {
    "name": "تسيير واقتصاد",
    "k": 4,
    "clusters": {
      "0": {
        "archetype": "🟢 جيد (المعدل: 13.6)",
        "avg_bac": 13.628095238095238,
        "size": 21,
        "percentage": 9.333333333333334,
        "min_bac": 12.55,
        "max_bac": 15.2
      },
      "1": {
        "archetype": "🟡 متوسط (المعدل: 11.8)",
        "avg_bac": 11.775789473684208,
        "size": 38,
        "percentage": 16.88888888888889,
        "min_bac": 10.88,
        "max_bac": 12.96
      },
      "2": {
        "archetype": "🔴 معرض للخطر (المعدل: 10.4)",
        "avg_bac": 10.374367816091954,
        "size": 87,
        "percentage": 38.666666666666664,
        "min_bac": 9.66,
        "max_bac": 11.57
      },
      "3": {
        "archetype": "🔴 معرض للخطر (المعدل: 9.6)",
        "avg_bac": 9.619113924050634,
        "size": 79,
        "percentage": 35.11111111111111,
        "min_bac": 8.34,
        "max_bac": 10.4
      }
    }
  },
  "langues_etrangeres": {
    "name": "لغات أجنبية",
    "k": 3,
    "clusters": {
      "0": {
        "archetype": "🟢 جيد (المعدل: 13.4)",
        "avg_bac": 13.379999999999997,
        "size": 22,
        "percentage": 12.222222222222221,
        "min_bac": 12.13,
        "max_bac": 15.35
      },
      "1": {
        "archetype": "🟡 متوسط (المعدل: 11.3)",
        "avg_bac": 11.301076923076923,
        "size": 65,
        "percentage": 36.11111111111111,
        "min_bac": 10.06,
        "max_bac": 12.73
      },
      "2": {
        "archetype": "🔴 راسب (المعدل: 9.5)",
        "avg_bac": 9.509677419354837,
        "size": 93,
        "percentage": 51.66666666666667,
        "min_bac": 7.73,
        "max_bac": 10.74
      }
    }
  },
  "lettres_philosophie": {
    "name": "آداب وفلسفة",
    "k": 3,
    "clusters": {
      "0": {
        "archetype": "🟢 جيد (المعدل: 13.7)",
        "avg_bac": 13.686666666666667,
        "size": 15,
        "percentage": 10.0,
        "min_bac": 12.84,
        "max_bac": 15.35
      },
      "1": {
        "archetype": "🟡 متوسط (المعدل: 11.5)",
        "avg_bac": 11.491428571428571,
        "size": 56,
        "percentage": 37.333333333333336,
        "min_bac": 10.06,
        "max_bac": 12.73
      },
      "2": {
        "archetype": "🔴 راسب (المعدل: 9.5)",
        "avg_bac": 9.472784810126582,
        "size": 79,
        "percentage": 52.666666666666664,
        "min_bac": 7.73,
        "max_bac": 10.74
      }
    }
  }
}